Pack / In the field ,Bino Harness ,Clothes,Pill Bag,First Aid ,Kill Kit,License Bag,Possibles Pouch ,Food & Drink,,Camp
Treking Poles ,Binos,apex pant,ibuprofen,Adventure UL Med Kit 7  minus pills,Knife ,Elk tags,Lighter with duct tape,"Coffee & supplies (filters, pour over)",Foot Powder ,Tarp
Sit Pad,Bear Spray,ascent pant,acetaminophen,wrap for sprains and breaks,saw,Small Game License,Aqua Tabs,,Band-Aids,Rope 
Bino Harness ,Game Calls,Socks,contacts,Tourniquet,gloves,Copy of Hunter Safety,Signal Mirror,,Anti-bactirial oinment,Paracord
Pill Bag,Extra Batt: Range Finder (2024),Underwear,water tablets / Purification,Quick Clot,bags,Sharpie,Paracord ,,Mole Skin,Solar Panel and charging cables
Jet Boil Stove and Fuel,Extra Batt: Headlamp (2025),Puffy jacket,Anti-diaretic ,,Game Bags,License's ,Tick Remover,Supplements ,Anti-itch Cream,Large Power Bank
Water Filtration Solution,Range Finder,wind breaker jacket,stool softener,,,pen,Backup Release,Caffine solution / Coffee,tooth care,buddy heater
Possibles Pouch,Multi-tool / knife (Gerber Dime),Fleece jacket,Tums,Overnight,,zip tie,Trauma blanket,Daily Sups,Shampoo (dandruff),Sharpening Tools
Bow & Arrows,Ferro Rod,base layer X3,Eye drops,Tooth paste and Brush,,,Knife,,Lacrosse Ball,tent sealant
Water and bladder / water bottle,Wind Detector,Boots,Naproxin,Floss,,,Signal Flag ,,Q-tips,patches
Head Lamp,In Reach Garmin GPS,hat,Diphenhydramine,Contacts,,,Archery / Tent repair kit. ,,,2 burner stove
Power Bank and cords,Allen Key set,face paint,,Q-tips,,,Fire starter,,,Larger propane
Tripod,Lens wipe,Gloves x2,,Breathing Nose Strips,,,,,,small propane
License Bag,Small Lighter ,belt,,Luko Tape ,,,,Items Packed Day Before,,Jet Boil
1L soft bottle,Fire Starter ,crocs,,Nail Clippers,,,,Pistol,,Tarp 8x10
wind proof matches,UL Backup headlamp,street clothes 2-3 days,,,,,,Sunglasses,,Lantern
Kill Kit,water pills,,,,,,,homemade snacks,,Headlamp Backup
,,,,,,,,toothpaste and toothbrush,,Batteries
Bugle Tube,,,,,,,,,,Sleeping Bag
Possibles Pouch ,,,,,,,,,,Quilt
First Aid ,,,,,,,,,,Shoe Repair Cement
Overnight,,,,,,,,,,Tent Large + Foot print
Sunscreen / Balm ,,,,,,,,,,Water Containers
Chapstick,,,,,,,,,,Axe
Fixed Blade Knife,,,,,,,,,,Sleeping Pad
"Battery Bank USB-C USB-Mini",,,,,,,,,,Backup Water Purification 
Spork,,,,,,,,,,
Tent Small + Foot print,,,,,,,,,,
,,,,,,,,,,Bow Tool Box and Supplies 
,,,,,,,,,,Extra skinning knife
,,,,,,,,,,Large Saw
,,,,,,,,,,Spotting Scope
,,,,,,,,,,TP 
,,,,,,,,,,cots x2
,,,,,,,,,,folding chair